{"cameraMode":{"drawMode":0,"name":"Shaded","section":"Shading Mode"},"sceneLighting":false,"audioPlay":false,"sceneViewState":{"m_AlwaysRefresh":false,"showFog":false,"showSkybox":false,"showFlares":false,"showImageEffects":false,"showParticleSystems":false,"showVisualEffectGraphs":true,"m_FxEnabled":true},"in2DMode":false,"pivot":{"x":-0.06710787862539292,"y":1.0479785203933716,"z":-0.06784477829933167},"rotation":{"x":0.000049246984417550266,"y":0.9989439249038696,"z":-0.04679505154490471,"w":-0.00002333651173103135},"size":1.6895068883895875,"orthographic":false}